{"branches": 46.666666666666664, "coverage": 51.060070671378085}